"","X","Ranking","City","Country.x","Wifi","Co_Work","Coffee","Taxi","Beer","Rent","Meal","Sun","Fun","Insta","Continent","Region","city_ascii","lat","lng","iso2","iso3","admin_name","capital","population","id","Rank","Country.y","Score","Extra","Extra2","Extra3"
"1",1,41,"Tokyo","Japan",32,163,2.65,2.75,6.54,1011.57,6.55,1881,3416,56623159,"Asia","East Asia & Pacific","Tokyo",35.6897,139.6922,"JP","JPN","Tōkyō","primary",37977000,1392685764,"79","Japan",5.989,"",NA,NA
"2",2,13,"Jakarta","Indonesia",14,104,1.74,0.22,3.98,338.45,1.99,3252,449,75735133,"Asia","East Asia & Pacific","Jakarta",-6.2146,106.8451,"ID","IDN","Jakarta","primary",34540000,1360771077,NA,NA,NA,NA,NA,NA
"3",3,7,"Mumbai","India",23,152,1.57,0.22,3.28,419.64,2.9,2584,892,47201552,"Asia","South Asia","Mumbai",18.9667,72.8333,"IN","IND","Mahārāshtra","admin",23355000,1356226629,NA,NA,NA,NA,NA,NA
"4",4,104,"Manila","Philippines",8,29,1.77,0.19,2.44,493.79,2.87,2103,161,5381518,"Asia","East Asia & Pacific","Manila",14.6,120.9833,"PH","PHL","Manila","primary",23088000,1608618140,NA,NA,NA,NA,NA,NA
"5",5,94,"Shanghai","China",2,119,2.94,0.32,2.22,959.42,3.33,1776,975,10969967,"Asia","East Asia & Pacific","Shanghai",31.1667,121.4667,"CN","CHN","Shanghai","admin",22120000,1156073548,"84","China",5.936,"",NA,NA
"6",6,14,"São Paulo","Brazil",17,112,1.14,0.85,2.82,323.93,4.23,1894,1267,32178314,"Americas","Latin America & Caribbean","Sao Paulo",-23.5504,-46.6339,"BR","BRA","São Paulo","admin",22046000,1076532519,NA,NA,NA,NA,NA,NA
"7",7,17,"Mexico City","Mexico",20,133,1.67,0.24,2.9,454.33,5.44,2555,969,6810938,"Americas","Latin America & Caribbean","Mexico City",19.4333,-99.1333,"MX","MEX","Ciudad de México","primary",20996000,1484247881,"38","Mexico",6.693,"",NA,NA
"8",8,62,"Beijing","China",2,69,3.22,0.26,2.22,780.74,3.62,2671,1408,7286155,"Asia","East Asia & Pacific","Beijing",39.905,116.3914,"CN","CHN","Beijing","primary",19433000,1156228865,"134","China",5.228,"",NA,NA
"9",9,45,"New York","United States",37,272,3.48,1.34,10.58,2171.68,14.4,2535,10269,113711319,"Americas","North America","New York",40.6943,-73.9249,"US","USA","New York","",18713220,1840034016,"30","USA",6.964,"",NA,NA
"10",10,31,"Moscow","Russia",17,47,1.7,0.15,4.06,643.35,7.56,1901,4653,58201864,"Europe","Europe & Central Asia","Moscow",55.7558,37.6178,"RU","RUS","Moskva","primary",17125000,1643318494,"76","Russia",6.028,"",NA,NA
"11",11,1,"Bangkok","Thailand",28,117,1.56,0.82,3.08,415.18,1.54,2624,2262,28386616,"Asia","East Asia & Pacific","Bangkok",13.75,100.5167,"TH","THA","Krung Thep Maha Nakhon","primary",17066000,1764068610,NA,NA,NA,NA,NA,NA
"12",12,5,"Buenos Aires","Argentina",17,67,1.22,0.47,2.16,229.55,5.15,2525,1660,21293975,"Americas","Latin America & Caribbean","Buenos Aires",-34.5997,-58.3819,"AR","ARG","Buenos Aires, Ciudad Autónoma de","primary",16157000,1032717330,"57","Argentina",6.324,"",NA,NA
"13",13,8,"Istanbul","Turkey",13,69,1.23,0.29,3.34,230.1,2.92,2218,2088,116213193,"Asia","Europe & Central Asia","Istanbul",41.01,28.9603,"TR","TUR","İstanbul","admin",15154000,1792756324,"115","Turkey",5.44,"",NA,NA
"14",14,21,"Ho Chi Minh City","Vietnam",13,92,1.36,0.47,1.32,404.46,1.57,2489,1357,1636058,"Asia","East Asia & Pacific","Ho Chi Minh City",10.8167,106.6333,"VN","VNM","Hồ Chí Minh","admin",13312000,1704774326,NA,NA,NA,NA,NA,NA
"15",15,30,"Los Angeles","United States",58,105,3.39,1.21,10.08,1612.62,14.4,3254,1375,75436810,"Americas","North America","Los Angeles",34.1139,-118.4068,"US","USA","California","",12750807,1840020491,"31","USA",6.956,"",NA,NA
"16",16,15,"Rio de Janeiro","Brazil",10,42,1.08,0.42,2.26,264.92,4.59,2187,1607,43041426,"Americas","Latin America & Caribbean","Rio de Janeiro",-22.9083,-43.1964,"BR","BRA","Rio de Janeiro","admin",12272000,1076887657,NA,NA,NA,NA,NA,NA
"17",17,69,"Paris","France",30,136,3.17,1.28,10.64,1054.23,12.77,1662,4265,130025724,"Europe","Europe & Central Asia","Paris",48.8566,2.3522,"FR","FRA","Île-de-France","primary",11020000,1250015082,"43","France",6.635,"",NA,NA
"18",18,101,"London","United Kingdom",22,318,2.95,1.7,10,1662.25,15,1633,4983,150702588,"Europe","Europe & Central Asia","London",51.5072,-0.1275,"GB","GBR","London, City of","primary",10979000,1826645935,"36","UK",6.782,"",NA,NA
"19",19,64,"Lima","Peru",16,67,1.73,1.09,2.9,367.39,2.36,1230,855,10148526,"Americas","Latin America & Caribbean","Lima",-12.05,-77.0333,"PE","PER","Lima","primary",9848000,1604728603,NA,NA,NA,NA,NA,NA
"20",20,42,"Chicago","United States",42,104,3.02,1.21,7.92,1330.55,12.24,2508,1411,51603607,"Americas","North America","Chicago",41.8373,-87.6862,"US","USA","Illinois","",8604203,1840000494,"25","USA",7.033,"",NA,NA
"21",21,20,"Kuala Lumpur","Malaysia",17,103,1.94,0.52,5.16,327.98,2.58,2774,665,15148859,"Asia","East Asia & Pacific","Kuala Lumpur",3.1478,101.6953,"MY","MYS","Kuala Lumpur","primary",8285000,1458988644,NA,NA,NA,NA,NA,NA
"22",22,18,"Hanoi","Vietnam",14,59,1.2,0.38,1.26,247.44,1.25,1585,1948,7438755,"Asia","East Asia & Pacific","Hanoi",21.0245,105.8412,"VN","VNM","Hà Nội","primary",7785000,1704413791,"135","Vietnam",5.196,"",NA,NA
"23",23,33,"Hong Kong","Hong Kong",78,183,3.5,0.79,10.12,1581.43,5.56,1836,1330,39815830,"Asia","East Asia & Pacific","Hong Kong",22.305,114.185,"HK","HKG","","primary",7347000,1344982653,"114","Hong Kong",5.444,NA,NA,NA
"24",24,37,"Santiago","Chile",11,57,2.21,0.94,5.66,311.18,6.6,2808,1041,19690250,"Americas","Latin America & Caribbean","Santiago",-33.45,-70.6667,"CL","CHL","Región Metropolitana","primary",7007000,1152554349,"37","Chile",6.77,"",NA,NA
"25",25,52,"Miami","United States",40,59,3.25,1.16,8.64,1400.8,11.52,3154,762,80497499,"Americas","North America","Miami",25.7839,-80.2102,"US","USA","Florida","",6445545,1840015149,"27","USA",7.028,"",NA,NA
"26",26,12,"Madrid","Spain",32,125,1.7,0.94,10.02,751.8,10.25,2769,1976,44165754,"Europe","Europe & Central Asia","Madrid",40.4167,-3.7167,"ES","ESP","Madrid","primary",6026000,1724616994,"48","Spain",6.5,"",NA,NA
"27",27,22,"Singapore","Singapore",93,117,2.95,0.48,9.54,1455.77,7.28,2022,1561,41453533,"Asia","East Asia & Pacific","Singapore",1.3,103.8,"SG","SGP","Central Singapore","primary",5745000,1702341327,"49","Singapore",6.494,NA,NA,NA
"28",28,50,"Houston","United States",60,62,2.8,1.03,7.2,1002.84,10.8,2578,589,27197101,"Americas","North America","Houston",29.7863,-95.3889,"US","USA","Texas","",5464251,1840020925,"21","USA",7.11,"",NA,NA
"29",29,70,"Toronto","Canada",26,113,2.63,1.15,8.06,1135.92,11.52,2066,1048,50157783,"Americas","North America","Toronto",43.7417,-79.3733,"CA","CAN","Ontario","",5429524,1124279679,NA,NA,NA,NA,NA,NA
"30",30,53,"Sydney","Australia",28,93,2.14,1.25,8.48,1398.15,9.54,2636,1343,33859310,"Oceania","East Asia & Pacific","Sydney",-33.865,151.2094,"AU","AUS","New South Wales","admin",5312163,1036074917,"20","Australia",7.133,"",NA,NA
"31",31,55,"Melbourne","Australia",21,127,2.34,0.87,10.78,925.1,10.78,2636,1242,33945108,"Oceania","East Asia & Pacific","Melbourne",-37.8136,144.9631,"AU","AUS","Victoria","admin",5078193,1036533631,"14","Australia",7.296,"",NA,NA
"32",32,107,"Boston","United States",33,41,3.2,1.34,10.08,1877.31,14.4,2634,653,23846477,"Americas","North America","Boston",42.3188,-71.0846,"US","USA","Massachusetts","admin",4688346,1840000455,"23","USA",7.091,"",NA,NA
"33",33,4,"Barcelona","Spain",37,136,1.59,1.01,5.12,768.46,10.25,2591,2739,62894055,"Europe","Europe & Central Asia","Barcelona",41.3825,2.1769,"ES","ESP","Catalonia","admin",4588000,1724594040,"55","Spain",6.38,"",NA,NA
"34",34,54,"Johannesburg","South Africa",12,49,1.42,0.6,3,328.29,6,3124,390,2999098,"Africa","Sub-Saharan Africa","Johannesburg",-26.2044,28.0416,"ZA","ZAF","Gauteng","admin",4434827,1710550792,"120","South Africa",5.361,"",NA,NA
"35",35,63,"Phoenix","United States",44,35,3.32,1,7.18,936.98,10.78,3872,389,9833747,"Americas","North America","Phoenix",33.5722,-112.0891,"US","USA","Arizona","admin",4219697,1840020568,NA,NA,NA,NA,NA,NA
"36",36,38,"Berlin","Germany",33,127,2.49,1.71,4.98,810.65,8.54,1626,1894,48461817,"Europe","Europe & Central Asia","Berlin",52.5167,13.3833,"DE","DEU","Berlin","primary",3644826,1276451290,NA,NA,NA,NA,NA,NA
"37",37,38,"San Francisco","United States",75,77,3.39,1.34,10.08,2149.04,14.34,3062,1490,30781286,"Americas","North America","San Francisco",37.7562,-122.443,"US","USA","California","",3592294,1840021543,NA,NA,NA,NA,NA,NA
"38",38,40,"San Diego","United States",74,53,3.06,1.34,8.6,1553.79,10.75,3055,1118,29887093,"Americas","North America","San Diego",32.8312,-117.1225,"US","USA","California","",3220118,1840021990,NA,NA,NA,NA,NA,NA
"39",39,141,"Kuwait City","Kuwait",7,4,3.56,1.38,4.78,643.09,4.79,3940,132,4133614,"Asia","Middle East & North Africa","Kuwait City",29.375,47.98,"KW","KWT","Al ‘Āşimah","primary",2989000,1414102075,"60","Kuwait",6.307,"",NA,NA
"40",40,29,"Kyiv","Ukraine",33,49,0.93,0.18,1.58,413.92,4.62,1955,87,6800366,"Europe","Europe & Central Asia","Kyiv",50.45,30.5236,"UA","UKR","Kyyiv, Misto","primary",2963199,1804382913,"142","Ukraine",5.051,"",NA,NA
"41",41,57,"Rome","Italy",17,50,1.07,1.02,8.52,822.9,12.77,2473,3444,27665299,"Europe","Europe & Central Asia","Rome",41.8931,12.4828,"IT","ITA","Lazio","primary",2872800,1380382862,NA,NA,NA,NA,NA,NA
"42",42,130,"La Paz","Bolivia",6,7,1.91,1.14,3.34,257.89,2.61,2289,211,1451813,"Americas","Latin America & Caribbean","La Paz",-16.4942,-68.1475,"BO","BOL","La Paz","primary",2867504,1068000064,"71","Bolivia",6.165,"",NA,NA
"43",43,126,"Manchester","United Kingdom",33,38,2.81,1.22,8,849.23,15,1416,458,16470240,"Europe","Europe & Central Asia","Manchester",53.4794,-2.2453,"GB","GBR","Manchester","",2705000,1826246335,NA,NA,NA,NA,NA,NA
"44",44,56,"Taipei","Taiwan",19,60,2.34,0.64,3.08,521.57,3.08,1405,1031,14321522,"Asia","East Asia & Pacific","Taipei",25.0478,121.5319,"TW","TWN","Taipei","primary",2684567,1158881289,"47","Taiwan",6.517,"",NA,NA
"45",45,99,"Brisbane","Australia",22,37,2.49,1.17,8.62,929.46,10.78,2968,668,11948455,"Oceania","East Asia & Pacific","Brisbane",-27.4678,153.0281,"AU","AUS","Queensland","admin",2514184,1036192929,"10","Australia",7.337,"",NA,NA
"46",46,48,"Dubai","United Arab Emirates",15,115,3.66,0.43,17.64,1069.88,6.86,3885,1615,110962610,"Asia","Middle East & North Africa","Dubai",25.2697,55.3094,"AE","ARE","Dubayy","admin",2502715,1784736618,"39","UAE",6.687,"",NA,NA
"47",47,85,"Vancouver","Canada",40,43,2.6,1.08,8.06,1166.84,11.52,1938,729,24259344,"Americas","North America","Vancouver",49.25,-123.1,"CA","CAN","British Columbia","",2264823,1124825478,NA,NA,NA,NA,NA,NA
"48",48,61,"Phnom Penh","Cambodia",8,27,1.69,0.72,1.08,338.05,2.15,3197,522,1196625,"Asia","East Asia & Pacific","Phnom Penh",11.5696,104.921,"KH","KHM","Phnom Penh","primary",2129371,1116260534,"167","Cambodia",4.442,"",NA,NA
"49",49,36,"Las Vegas","United States",47,21,3.36,1.45,8.64,826.39,10.8,3825,1420,40524360,"Americas","North America","Las Vegas",36.2333,-115.2654,"US","USA","Nevada","",2104198,1840020364,NA,NA,NA,NA,NA,NA
"50",50,89,"Portland","United States",44,31,3.04,1.16,8.6,1151.21,11.47,2341,741,12325674,"Americas","North America","Portland",45.5372,-122.65,"US","USA","Oregon","",2074775,1840019941,NA,NA,NA,NA,NA,NA
"51",51,109,"Perth","Australia",19,29,2.45,0.91,9.54,803.84,10.6,3230,416,10684382,"Oceania","East Asia & Pacific","Perth",-31.9522,115.8589,"AU","AUS","Western Australia","admin",2059484,1036178956,"15","Australia",7.253,"",NA,NA
"52",52,72,"Quito","Ecuador",12,35,1.71,1.08,2.86,343.81,2.69,2238,493,8411766,"Americas","Latin America & Caribbean","Quito",-0.2186,-78.5097,"EC","ECU","Pichincha","primary",2011388,1218441993,"52","Ecuador",6.437,"",NA,NA
"53",53,67,"Minsk","Belarus",23,5,1.09,0.15,2.24,293.95,5.59,1780,352,11083815,"Europe","Europe & Central Asia","Minsk",53.9022,27.5618,"BY","BLR","Minsk","primary",2009786,1112348503,"97","Belarus",5.714,"",NA,NA
"54",54,44,"Vienna","Austria",42,91,2.82,1.21,6.82,755,9.37,1930,1149,14453386,"Europe","Europe & Central Asia","Vienna",48.2083,16.3731,"AT","AUT","Wien","primary",1911191,1040261752,"29","Austria",6.998,"",NA,NA
"55",55,9,"Bucharest","Romania",54,46,1.78,0.35,2.78,352.35,6.07,2115,726,3376251,"Europe","Europe & Central Asia","Bucharest",44.4,26.0833,"RO","ROU","Bucureşti","primary",1883425,1642414442,"81","Romania",5.974,"",NA,NA
"56",56,83,"Hamburg","Germany",41,65,2.46,1.63,7.26,809.13,10.25,1557,688,20155361,"Europe","Europe & Central Asia","Hamburg",53.55,10,"DE","DEU","Hamburg","admin",1841179,1276041799,NA,NA,NA,NA,NA,NA
"57",57,66,"Warsaw","Poland",23,54,2.24,0.56,3.92,614.23,5.59,1571,829,11966096,"Europe","Europe & Central Asia","Warsaw",52.2167,21.0333,"PL","POL","Mazowieckie","primary",1790658,1616024847,NA,NA,NA,NA,NA,NA
"58",58,5,"Budapest","Hungary",37,40,1.2,0.72,2.4,366.66,4.81,1988,1468,14267880,"Europe","Europe & Central Asia","Budapest",47.4983,19.0408,"HU","HUN","Budapest","primary",1752286,1348611435,"103","Hungary",5.642,"",NA,NA
"59",59,93,"Brussels","Belgium",37,66,2.6,1.66,6.84,724.37,12.81,1546,747,7074355,"Europe","Europe & Central Asia","Brussels",50.8333,4.3333,"BE","BEL","Brussels-Capital Region","primary",1743000,1056469830,"40","Belgium",6.674,"",NA,NA
"60",60,105,"Munich","Germany",31,87,2.7,1.71,6.84,1115.58,11.95,1709,735,12132597,"Europe","Europe & Central Asia","Munich",48.1372,11.5755,"DE","DEU","Bavaria","admin",1471508,1276692352,NA,NA,NA,NA,NA,NA
"61",61,100,"Auckland","New Zealand",34,30,2.57,1.32,10.06,964.17,10.06,2003,1099,5385894,"Oceania","East Asia & Pacific","Auckland",-36.85,174.7833,"NZ","NZL","Auckland","admin",1470100,1554435911,"16","New Zealand",7.232,"",NA,NA
"62",62,137,"Muscat","Oman",8,7,3.47,0.51,14.96,448.11,4.67,3493,219,3433459,"Asia","Middle East & North Africa","Muscat",23.6139,58.5922,"OM","OMN","Masqaţ","primary",1421409,1512035506,NA,NA,NA,NA,NA,NA
"63",63,23,"Belgrade","Serbia",34,33,1.32,0.51,2.9,308,5.08,2112,535,4424079,"Europe","Europe & Central Asia","Belgrade",44.8167,20.4667,"RS","SRB","Beograd","primary",1378682,1688374696,"74","Serbia",6.071,"",NA,NA
"64",64,86,"Milan","Italy",17,87,1.38,1.15,8.24,927.31,12.81,1915,1543,21733273,"Europe","Europe & Central Asia","Milan",45.4669,9.19,"IT","ITA","Lombardy","admin",1366180,1380724377,NA,NA,NA,NA,NA,NA
"65",65,16,"Sofia","Bulgaria",30,53,1.13,0.35,2.56,313.59,5.23,2177,598,4197864,"Europe","Europe & Central Asia","Sofia",42.6979,23.3217,"BG","BGR","Sofia-Grad","primary",1355142,1100762037,"109","Bulgaria",5.563,"",NA,NA
"66",66,118,"Adelaide","Australia",18,17,2.34,1.08,6.36,783.36,8.63,2765,458,6427748,"Oceania","East Asia & Pacific","Adelaide",-34.9289,138.6011,"AU","AUS","South Australia","admin",1345777,1036538171,NA,NA,NA,NA,NA,NA
"67",67,88,"Montevideo","Uruguay",25,10,1.94,0.82,3.92,316.58,7.03,2481,326,3050401,"Americas","Latin America & Caribbean","Montevideo",-34.8667,-56.1667,"UY","URY","Montevideo","primary",1319108,1858107000,"51","Uruguay",6.455,"",NA,NA
"68",68,131,"Doha","Qatar",12,13,3.39,0.4,17.8,1119.45,5.93,3897,203,22179935,"Asia","Middle East & North Africa","Doha",25.3,51.5333,"QA","QAT","Ad Dawḩah","primary",1312947,1634459660,"63","Qatar",6.26,"",NA,NA
"69",69,108,"Calgary","Canada",24,34,2.44,1.16,8.1,722.32,10.4,2396,540,7317582,"Americas","North America","Calgary",51.05,-114.0667,"CA","CAN","Alberta","",1239220,1124690423,NA,NA,NA,NA,NA,NA
"70",70,95,"Dublin","Ireland",61,46,2.88,1.28,9.4,1437.05,12.81,1453,1243,12936240,"Europe","Europe & Central Asia","Dublin",53.3497,-6.2603,"IE","IRL","Dublin","primary",1173179,1372595407,"22","Ireland",7.096,"",NA,NA
"71",71,135,"Dakar","Senegal",6,6,2,1.3,1.64,502.94,3.91,3078,70,2108284,"Africa","Sub-Saharan Africa","Dakar",14.7319,-17.4572,"SN","SEN","Dakar","primary",1146053,1686604760,"132","Senegal",5.256,"",NA,NA
"72",72,111,"Cologne","Germany",33,38,2.34,1.71,6.84,711.6,8.11,1504,465,7660853,"Europe","Europe & Central Asia","Cologne",50.9422,6.9578,"DE","DEU","North Rhine-Westphalia","",1085664,1276015998,NA,NA,NA,NA,NA,NA
"73",73,125,"Edmonton","Canada",30,10,2.69,1.04,6.94,681.29,11.56,2345,294,4765517,"Americas","North America","Edmonton",53.5344,-113.4903,"CA","CAN","Alberta","",1062643,1124290735,NA,NA,NA,NA,NA,NA
"74",74,68,"Cartagena","Colombia",11,9,0.84,1.35,3.32,373.24,2.07,3019,504,18939652,"Americas","Latin America & Caribbean","Cartagena",10.4236,-75.5253,"CO","COL","Bolívar","admin",1036412,1170886102,NA,NA,NA,NA,NA,NA
"75",75,76,"New Orleans","United States",45,16,3.25,1.54,5.02,1002.56,12.51,2649,1016,11614267,"Americas","North America","New Orleans",30.0687,-89.9288,"US","USA","Louisiana","",1020886,1840001839,NA,NA,NA,NA,NA,NA
"76",76,87,"Arequipa","Peru",9,4,1.39,0.91,2.84,164.43,1.83,3333,211,1571080,"Americas","Latin America & Caribbean","Arequipa",-16.3988,-71.5369,"PE","PER","Arequipa","admin",1008290,1604723954,NA,NA,NA,NA,NA,NA
"77",77,116,"Abu Dhabi","United Arab Emirates",9,32,3.48,0.39,15.68,891.43,5.88,3509,317,31532015,"Asia","Middle East & North Africa","Abu Dhabi",24.4781,54.3686,"AE","ARE","Abū Z̧aby","primary",1e+06,1784176710,"35","UAE",6.808,"",NA,NA
"78",78,132,"Ottawa","Canada",26,24,2.59,1.15,8.06,928.07,11.52,2084,435,6914271,"Americas","North America","Ottawa",45.4247,-75.695,"CA","CAN","Ontario","",989567,1124399363,NA,NA,NA,NA,NA,NA
"79",79,139,"Glasgow","United Kingdom",26,16,2.77,1.06,7,651.23,15,1203,682,7250566,"Europe","Europe & Central Asia","Glasgow",55.8609,-4.2514,"GB","GBR","Glasgow City","",985290,1826836462,NA,NA,NA,NA,NA,NA
"80",80,49,"Kathmandu","Nepal",7,10,1.13,0.48,3.62,105.54,1.66,2529,1723,1684647,"Asia","South Asia","Kathmandu",27.7167,85.3667,"NP","NPL","Bāgmatī","primary",975453,1524589448,"105","Nepal",5.606,"",NA,NA
"81",81,103,"Stockholm","Sweden",37,50,3.35,1.13,11.72,1154.07,10.05,1803,557,13630429,"Europe","Europe & Central Asia","Stockholm",59.3294,18.0686,"SE","SWE","Stockholm","primary",972647,1752425602,"9","Sweden",7.373,"",NA,NA
"82",82,84,"Naples","Italy",19,7,1.18,0.87,5.12,550.03,8.54,2375,1045,8865857,"Europe","Europe & Central Asia","Naples",40.8333,14.25,"IT","ITA","Campania","admin",966144,1380646673,NA,NA,NA,NA,NA,NA
"83",83,43,"Marrakech","Morocco",8,5,1.49,0.4,6.82,289.67,3.52,3131,2107,8671948,"Africa","Middle East & North Africa","Marrakech",31.6295,-7.9811,"MA","MAR","Marrakech-Safi","admin",928850,1504172585,NA,NA,NA,NA,NA,NA
"84",84,110,"Marseille","France",24,11,2.29,1.29,10.24,514.68,11.1,2858,488,8058438,"Europe","Europe & Central Asia","Marseille",43.2964,5.37,"FR","FRA","Provence-Alpes-Côte d’Azur","admin",870018,1250774071,NA,NA,NA,NA,NA,NA
"85",85,75,"Liverpool","United Kingdom",26,17,2.66,0.93,3.5,649.17,12,2199,1050,14834860,"Europe","Europe & Central Asia","Liverpool",53.4,-2.9833,"GB","GBR","Liverpool","",864122,1826558678,NA,NA,NA,NA,NA,NA
"86",86,112,"Amsterdam","Netherlands",22,99,2.85,2.01,8.54,1316.79,12.81,1662,1782,33774833,"Europe","Europe & Central Asia","Amsterdam",52.3667,4.8833,"NL","NLD","Noord-Holland","primary",862965,1528355309,NA,NA,NA,NA,NA,NA
"87",87,28,"Valencia","Spain",30,39,1.51,0.85,5.1,594.88,8.52,2660,681,23385115,"Europe","Europe & Central Asia","Valencia",39.47,-0.3764,"ES","ESP","Valencia","admin",800215,1724981666,NA,NA,NA,NA,NA,NA
"88",88,79,"Zagreb","Croatia",25,12,1.3,0.57,3.4,407.66,5.67,1913,520,3480120,"Europe","Europe & Central Asia","Zagreb",45.8,15.95,"HR","HRV","Zagreb, Grad","primary",790017,1191233290,"110","Croatia",5.536,"",NA,NA
"89",89,121,"Vientiane","Laos",5,3,1.64,1.43,1.64,366.07,2.51,3250,104,409470,"Asia","East Asia & Pacific","Vientiane",17.9667,102.6,"LA","LAO","Viangchan","primary",760000,1418732714,"143","Vianchan",NA,"5.037","",NA
"90",90,120,"Frankfurt","Germany",22,66,2.49,1.71,6.84,894.56,8.54,1586,497,11611541,"Europe","Europe & Central Asia","Frankfurt",50.1136,8.6797,"DE","DEU","Hesse","minor",753056,1276054552,NA,NA,NA,NA,NA,NA
"91",91,34,"Colombo","Sri Lanka",9,24,1.56,0.18,2.46,313.09,1.45,3007,868,2575173,"Asia","South Asia","Colombo",6.9167,79.8333,"LK","LKA","Western","primary",752993,1144251314,"170","Sri Lanka",4.381,"",NA,NA
"92",92,138,"Oslo","Norway",49,33,3.62,1.16,14.94,1103.16,14.91,1668,444,8115873,"Europe","Europe & Central Asia","Oslo",59.9111,10.7528,"NO","NOR","Oslo","primary",693494,1578324706,"7","Norway",7.464,"",NA,NA
"93",93,60,"Athens","Greece",12,29,2.42,0.64,6.84,348.38,8.54,2773,1149,10176728,"Europe","Europe & Central Asia","Athens",37.9842,23.7281,"GR","GRC","Attikí","primary",664046,1300715560,"121","Greece",5.345,"",NA,NA
"94",94,117,"Helsinki","Finland",36,22,3.38,0.85,10.24,860.76,11.1,1858,624,7238202,"Europe","Europe & Central Asia","Helsinki",60.1756,24.9342,"FI","FIN","Uusimaa","primary",642045,1246177997,"1","Finland",7.828,"",NA,NA
"95",95,122,"Stuttgart","Germany",33,25,2.51,1.45,6.82,800.83,10.22,1692,250,9950961,"Europe","Europe & Central Asia","Stuttgart",48.7761,9.1775,"DE","DEU","Baden-Württemberg","admin",634830,1276171358,NA,NA,NA,NA,NA,NA
"96",96,128,"Rotterdam","Netherlands",37,31,2.52,1.71,6.8,1016.1,12.74,1745,323,6749161,"Europe","Europe & Central Asia","Rotterdam",51.9225,4.4792,"NL","NLD","Zuid-Holland","minor",631155,1528892850,NA,NA,NA,NA,NA,NA
"97",97,96,"Riga","Latvia",23,20,2.2,0.6,5.1,376.53,6.81,1754,540,3604009,"Europe","Europe & Central Asia","Riga",56.9475,24.1069,"LV","LVA","Rīga","primary",614618,1428586192,"70","Latvia",6.175,"",NA,NA
"98",98,124,"Copenhagen","Denmark",46,26,4.46,1.38,11.48,1178.93,14.92,1803,772,10101675,"Europe","Europe & Central Asia","Copenhagen",55.6761,12.5689,"DK","DNK","Hovedstaden","primary",602481,1208763942,"5","Denmark",7.53,"",NA,NA
"99",99,101,"Vilnius","Lithuania",25,22,2.03,0.51,5.46,445.99,6.81,1691,457,3414796,"Europe","Europe & Central Asia","Vilnius",54.6833,25.2833,"LT","LTU","Vilniaus Miestas","primary",574147,1440887149,"72","Lithuania",6.163,"",NA,NA
"100",100,126,"Dresden","Germany",35,5,2.04,1.87,5.94,447.61,8.49,1581,303,3640354,"Europe","Europe & Central Asia","Dresden",51.05,13.74,"DE","DEU","Saxony","admin",556549,1276561036,NA,NA,NA,NA,NA,NA
"101",101,123,"Hannover","Germany",38,7,2.26,1.71,5.98,526.02,8.54,1501,177,4633789,"Europe","Europe & Central Asia","Hannover",52.3744,9.7386,"DE","DEU","Lower Saxony","admin",538068,1276457707,NA,NA,NA,NA,NA,NA
"102",102,97,"Lyon","France",36,21,2.65,1.51,5.24,596.38,10.89,2002,502,9144123,"Europe","Europe & Central Asia","Lyon",45.76,4.84,"FR","FRA","Auvergne-Rhône-Alpes","admin",516092,1250196189,NA,NA,NA,NA,NA,NA
"103",103,3,"Lisbon","Portugal",33,95,1.56,0.4,3.42,736.19,7.69,2806,1969,10205538,"Europe","Europe & Central Asia","Lisbon",38.7452,-9.1604,"PT","PRT","Lisboa","primary",506654,1620619017,"101","Portugal",5.66,"",NA,NA
"104",104,134,"Edinburgh","United Kingdom",26,23,2.76,1.42,8.5,808.33,15,1427,1163,9582024,"Europe","Europe & Central Asia","Edinburgh",55.953,-3.189,"GB","GBR","Edinburgh, City of","",488050,1826492520,NA,NA,NA,NA,NA,NA
"105",105,77,"Tallinn","Estonia",37,14,2.43,0.51,6.82,466.5,8.52,1923,490,2861931,"Europe","Europe & Central Asia","Tallinn",59.4372,24.745,"EE","EST","Harjumaa","primary",438341,1233260021,"99","Estonia",5.679,"",NA,NA
"106",106,25,"Cape Town","South Africa",12,46,1.45,0.6,3.5,494.85,7,3094,1469,12323779,"Africa","Sub-Saharan Africa","Cape Town",-33.925,18.425,"ZA","ZAF","Western Cape","primary",433688,1710680650,"130","South Africa",5.265,"",NA,NA
"107",107,73,"Florence","Italy",18,13,1.12,0.85,8.54,650.53,12.81,2924,1377,10392587,"Europe","Europe & Central Asia","Florence",43.7714,11.2542,"IT","ITA","Tuscany","admin",380948,1380726561,NA,NA,NA,NA,NA,NA
"108",108,143,"Beirut","Lebanon",4,18,6.1,1.02,9.5,735.51,19.1,3534,188,10239115,"Asia","Middle East & North Africa","Beirut",33.8869,35.5131,"LB","LBN","Beyrouth","primary",361366,1422847713,"161","Lebanon",4.62,"",NA,NA
"109",109,91,"Pokhara","Nepal",9,3,0.83,0.45,3.62,83.02,1.36,2573,344,741567,"Asia","South Asia","Pokhara",28.2097,83.9853,"NP","NPL","Gandakī","admin",353841,1524416084,NA,NA,NA,NA,NA,NA
"110",110,140,"Belfast","United Kingdom",26,13,2.74,1.07,9,604.91,11.98,1868,483,3389741,"Europe","Europe & Central Asia","Belfast",54.5964,-5.93,"GB","GBR","Belfast","",333871,1826325087,NA,NA,NA,NA,NA,NA
"111",111,74,"Oaxaca","Mexico",16,7,1.63,0.88,1.46,247.88,3.26,2896,294,4727625,"Americas","Latin America & Caribbean","Oaxaca",17.0833,-96.75,"MX","MEX","Oaxaca","admin",300050,1484301467,NA,NA,NA,NA,NA,NA
"112",112,71,"Ljubljana","Slovenia",61,8,1.45,0.85,4.44,527.62,8.54,1974,422,1737701,"Europe","Europe & Central Asia","Ljubljana",46.05,14.5167,"SI","SVN","Ljubljana","primary",286745,1705917455,"69","Slovenia",6.178,"",NA,NA
"113",113,119,"Bordeaux","France",20,14,2.67,1.42,10.24,601.71,11.1,2713,560,7924124,"Europe","Europe & Central Asia","Bordeaux",44.84,-0.58,"FR","FRA","Nouvelle-Aquitaine","admin",257804,1250449238,NA,NA,NA,NA,NA,NA
"114",114,27,"Porto","Portugal",29,32,1.34,0.43,3.4,572.92,5.96,2468,802,9726729,"Europe","Europe & Central Asia","Porto",41.1495,-8.6108,"PT","PRT","Porto","admin",237591,1620356810,NA,NA,NA,NA,NA,NA
"115",115,145,"Geneva","Switzerland",36,23,3.52,2.44,12.58,1565.45,19.67,1828,300,4329235,"Europe","Europe & Central Asia","Geneva",46.2,6.15,"CH","CHE","Genève","admin",201818,1756810813,NA,NA,NA,NA,NA,NA
"116",116,90,"Split","Croatia",20,6,1.36,1.13,4.54,360.39,7.94,2631,550,4249722,"Europe","Europe & Central Asia","Split",43.51,16.45,"HR","HRV","Splitsko-Dalmatinska Županija","admin",178102,1191440208,NA,NA,NA,NA,NA,NA
"117",117,142,"Salzburg","Austria",30,7,2.68,1.65,6.64,655.73,10.64,1697,290,3108680,"Europe","Europe & Central Asia","Salzburg",47.7972,13.0477,"AT","AUT","Salzburg","admin",155021,1040312147,NA,NA,NA,NA,NA,NA
"118",118,26,"Siem Reap","Cambodia",9,3,1.25,0.54,1.26,203.43,1.43,3519,1650,2293814,"Asia","East Asia & Pacific","Siem Reap",13.3622,103.8597,"KH","KHM","Siem Reap","admin",147866,1116263015,NA,NA,NA,NA,NA,NA
"119",119,2,"New Delhi","India",12,165,1.42,0.19,2.9,179.25,2.9,2685,2019,28528249,"Asia","South Asia","New Delhi",28.7,77.2,"IN","IND","Delhi","primary",142004,1356215164,NA,NA,NA,NA,NA,NA
"120",120,10,"Chiang Mai","Thailand",26,25,1.32,0.33,3.52,302.09,1.54,2512,1181,6428544,"Asia","East Asia & Pacific","Chiang Mai",18.7889,98.9833,"TH","THA","Chiang Mai","admin",132634,1764662886,NA,NA,NA,NA,NA,NA
"121",121,10,"Phuket","Thailand",23,11,1.73,0.76,3.92,301.08,2.72,3450,1698,10190220,"Asia","East Asia & Pacific","Phuket",7.8881,98.3975,"TH","THA","Phuket","admin",77610,1764327831,NA,NA,NA,NA,NA,NA
"122",122,58,"Faro","Portugal",70,1,1.57,0.85,4.24,509.68,7.43,3036,167,1705160,"Europe","Europe & Central Asia","Faro",37.0161,-7.935,"PT","PRT","Faro","admin",64560,1620330407,NA,NA,NA,NA,NA,NA
"123",123,136,"Dubrovnik","Croatia",19,0,2.52,1.19,9.12,578.51,11.95,3322,468,2556696,"Europe","Europe & Central Asia","Dubrovnik",42.6403,18.1083,"HR","HRV","Dubrovačko-Neretvanska Županija","admin",42615,1191004286,NA,NA,NA,NA,NA,NA
"124",124,146,"Valletta","Malta",10,1,2.33,2.55,6.1,890.99,17.03,3054,144,764698,"Europe","Middle East & North Africa","Valletta",35.8978,14.5125,"MT","MLT","Valletta","primary",6444,1470574399,NA,NA,NA,NA,NA,NA
"125",125,19,"Krakow","Poland",37,35,2,0.45,3.76,538.25,5.63,2492,999,5787290,"Europe","Europe & Central Asia",NA,NA,NA,NA,NA,NA,NA,NA,NA,NA,NA,NA,NA,NA,NA
"126",126,23,"Prague","Czech Republic",36,38,1.9,0.93,3.68,595.32,5.01,1668,2342,17540484,"Europe","Europe & Central Asia",NA,NA,NA,NA,NA,NA,NA,NA,NA,"44","Czech Republic",6.62,"",NA,NA
"127",127,32,"Hoi An","Vietnam",12,1,1.03,0.47,1.5,160.86,1.33,2786,1176,2115317,"Asia","East Asia & Pacific",NA,NA,NA,NA,NA,NA,NA,NA,NA,NA,NA,NA,NA,NA,NA
"128",128,34,"Seoul","South Korea",25,74,2.98,0.55,4.68,642.77,5,2066,1166,20380943,"Asia","East Asia & Pacific",NA,NA,NA,NA,NA,NA,NA,NA,NA,"83","South Korea",5.947,"",NA,NA
"129",129,46,"Medellin","Colombia",9,41,0.92,0.68,1.5,186.54,2.82,1892,546,30904265,"Americas","Latin America & Caribbean",NA,NA,NA,NA,NA,NA,NA,NA,NA,NA,NA,NA,NA,NA,NA
"130",130,47,"Malaga","Spain",26,17,1.27,0.73,4.26,581.14,8.54,3365,525,6992731,"Europe","Europe & Central Asia",NA,NA,NA,NA,NA,NA,NA,NA,NA,NA,NA,NA,NA,NA,NA
"131",131,51,"Seville","Spain",28,7,1.21,0.8,3.4,561.28,7.66,2898,932,1755465,"Europe","Europe & Central Asia",NA,NA,NA,NA,NA,NA,NA,NA,NA,NA,NA,NA,NA,NA,NA
"132",132,59,"Osaka","Japan",26,47,2.33,2.61,2.93,621.08,5.21,1996,790,16057725,"Asia","East Asia & Pacific",NA,NA,NA,NA,NA,NA,NA,NA,NA,NA,NA,NA,NA,NA,NA
"133",133,65,"Montreal","Canada",27,60,2.37,1.01,6.94,737.69,8.67,2051,793,18833685,"Americas","North America",NA,NA,NA,NA,NA,NA,NA,NA,NA,NA,NA,NA,NA,NA,NA
"134",134,77,"Washington DC","United States",68,59,3.3,1.87,8.6,1666.66,10.75,2528,778,10770923,"Americas","North America",NA,NA,NA,NA,NA,NA,NA,NA,NA,"18","USA",7.185,"",NA,NA
"135",135,80,"Xi'an","China",16,4,3.32,0.22,1.1,234.49,2.22,3406,242,573692,"Asia","East Asia & Pacific",NA,NA,NA,NA,NA,NA,NA,NA,NA,NA,NA,NA,NA,NA,NA
"136",136,81,"Yangon","Burma/Myanmar",10,22,1.61,0.72,1.44,594.02,2.54,3156,478,986024,"Asia","East Asia & Pacific",NA,NA,NA,NA,NA,NA,NA,NA,NA,"165","Myanmar",4.473,"",NA,NA
"137",137,82,"Kyoto","Japan",29,9,3.05,1.19,4.76,612.23,5.21,1775,1533,17684174,"Asia","East Asia & Pacific",NA,NA,NA,NA,NA,NA,NA,NA,NA,NA,NA,NA,NA,NA,NA
"138",138,92,"Cancun","Mexico",7,9,1.58,2.16,2.88,318.06,5.76,2525,912,10005189,"Americas","Latin America & Caribbean",NA,NA,NA,NA,NA,NA,NA,NA,NA,NA,NA,NA,NA,NA,NA
"139",139,98,"Palma de Mallorca","Spain",29,15,1.81,0.83,4.26,736.96,12.77,2763,446,2370407,"Europe","Europe & Central Asia",NA,NA,NA,NA,NA,NA,NA,NA,NA,NA,NA,NA,NA,NA,NA
"140",140,105,"Honolulu","Hawaii",43,8,4.05,1.47,8.62,1368.17,10.78,3036,946,4898654,NA,NA,NA,NA,NA,NA,NA,NA,NA,NA,NA,NA,NA,NA,NA,NA,NA
"141",141,113,"Hvar","Croatia",19,0,1.57,0.85,8.54,179.32,12.81,3535,85,880583,"Europe","Europe & Central Asia",NA,NA,NA,NA,NA,NA,NA,NA,NA,NA,NA,NA,NA,NA,NA
"142",142,114,"Dusseldorf","Germany",25,44,2.59,1.88,6.84,685.86,8.54,2359,312,7242509,"Europe","Europe & Central Asia",NA,NA,NA,NA,NA,NA,NA,NA,NA,NA,NA,NA,NA,NA,NA
"143",143,115,"San Jose","Costa Rica",10,17,1.72,0.75,3.48,417.08,5.21,2081,305,5084798,"Americas","Latin America & Caribbean",NA,NA,NA,NA,NA,NA,NA,NA,NA,"11","Costa Rica",7.321,"",NA,NA
"144",144,129,"St. Petersburg","Russia",21,4,2.41,1,5.74,995.39,8.96,1636,3218,3030245,"Europe","Europe & Central Asia",NA,NA,NA,NA,NA,NA,NA,NA,NA,"78","Russia",5.994,"",NA,NA
"145",145,133,"Tel Aviv","Israel",14,28,3.02,0.88,13.28,1148.13,14.38,3311,757,6474622,"Asia","Middle East & North Africa",NA,NA,NA,NA,NA,NA,NA,NA,NA,"8","Israel",7.461,"",NA,NA
"146",146,144,"Zurich","Switzerland",33,42,3.97,3,11.06,1541.47,19.76,1566,485,6904776,"Europe","Europe & Central Asia",NA,NA,NA,NA,NA,NA,NA,NA,NA,"4","Switzerland",7.541,"",NA,NA
"147",147,147,"Reykjavik","Iceland",26,9,3.36,2.03,13.88,1170.6,14.46,1326,629,2057729,"Europe","Europe & Central Asia",NA,NA,NA,NA,NA,NA,NA,NA,NA,"12","Iceland",7.317,"",NA,NA
